Value;4;5;6;7;8;9;10;11;12;13;14;15;16;17;18;19;20;21;22;23;24
0;78;0;0;0;80;78;80;78;80;78;80;78;0;0;78;78;0;0;0;0;0
0.1;78;0;0;0;80;78;80;78;80;78;0;78;78;78;80;F8;0;0;0;0;0
0.2;78;0;0;0;80;78;80;78;80;78;0;80;0;78;80;78;F8;0;0;0;0
0.3;78;0;0;0;80;78;80;78;80;78;0;F8;0;78;F8;78;F8;0;0;0;0
0.4;78;0;0;0;80;78;80;78;80;78;0;0;0;78;0;80;F8;0;0;0;0
0.5;78;0;0;0;80;78;80;78;80;78;0;78;0;78;78;80;F8;0;0;0;0
0.6;78;0;0;0;80;78;80;78;80;78;0;80;0;78;80;80;F8;0;0;0;0
0.7;78;0;0;0;80;78;80;78;80;78;0;F8;0;78;F8;80;F8;0;0;0;0
0.8;78;0;0;0;80;78;80;78;80;78;0;0;0;78;0;78;0;0;0;0;0
0.9;78;0;0;0;80;78;80;78;80;78;0;78;0;78;78;78;0;0;0;0;0
1;78;0;0;0;80;78;80;78;80;78;78;0;78;78;80;F8;0;0;0;0;0
1.1;78;0;0;0;80;78;80;78;80;78;78;78;78;80;78;F8;0;0;0;0;0
1.2;78;0;0;0;80;78;80;78;80;78;78;80;0;78;F8;78;F8;0;0;0;0
1.3;78;0;0;0;80;78;80;78;80;78;78;F8;0;78;0;80;F8;0;0;0;0
1.4;78;0;0;0;80;78;80;78;80;78;78;0;0;78;78;80;F8;0;0;0;0
1.5;78;0;0;0;80;78;80;78;80;78;78;78;0;78;80;80;F8;0;0;0;0
1.6;78;0;0;0;80;78;80;78;80;78;78;80;0;78;F8;80;F8;0;0;0;0
1.7;78;0;0;0;80;78;80;78;80;78;78;F8;0;78;0;78;0;0;0;0;0
1.8;78;0;0;0;80;78;80;78;80;78;78;0;0;78;78;78;0;0;0;0;0
1.9;78;0;0;0;80;78;80;78;80;78;78;78;0;78;80;80;78;0;0;0;0
2;78;0;0;0;80;78;80;78;80;78;80;0;0;78;80;78;F8;0;0;0;0
2.1;78;0;0;0;80;78;80;78;80;78;80;0;78;78;F8;78;F8;0;0;0;0
2.2;78;0;0;0;80;78;80;78;80;78;80;0;80;0;78;0;80;F8;0;0;0
2.3;78;0;0;0;80;78;80;78;80;78;80;0;F8;0;78;78;80;F8;0;0;0
2.4;78;0;0;0;80;78;80;78;80;78;80;0;0;0;78;80;80;F8;0;0;0
2.5;78;0;0;0;80;78;80;78;80;78;80;0;78;0;78;F8;80;F8;0;0;0
2.6;78;0;0;0;80;78;80;78;80;78;80;0;80;0;78;0;78;0;0;0;0
2.7;78;0;0;0;80;78;80;78;80;78;80;0;F8;0;78;78;78;0;0;0;0
2.8;78;0;0;0;80;78;80;78;80;78;80;0;0;0;78;80;80;78;0;0;0
2.9;78;0;0;0;80;78;80;78;80;78;80;0;78;0;78;F8;80;78;0;0;0
3;78;0;0;0;80;78;80;78;80;78;F8;0;0;78;F8;78;F8;0;0;0;0
3.1;78;0;0;0;80;78;80;78;80;78;F8;0;78;78;0;80;F8;0;0;0;0
3.2;78;0;0;0;80;78;80;78;80;78;F8;0;80;0;78;78;80;F8;0;0;0
3.3;78;0;0;0;80;78;80;78;80;78;F8;0;F8;0;78;80;80;F8;0;0;0
3.4;78;0;0;0;80;78;80;78;80;78;F8;0;0;0;78;F8;80;F8;0;0;0
3.5;78;0;0;0;80;78;80;78;80;78;F8;0;78;0;78;0;78;0;0;0;0
3.6;78;0;0;0;80;78;80;78;80;78;F8;0;80;0;78;78;78;0;0;0;0
3.7;78;0;0;0;80;78;80;78;80;78;F8;0;F8;0;78;80;80;78;0;0;0
3.8;78;0;0;0;80;78;80;78;80;78;F8;0;78;0;78;0;78;F8;0;0;0
3.9;78;0;0;0;80;78;80;78;80;78;F8;0;78;0;78;0;78;F8;0;0;0
4;78;0;0;0;80;78;80;78;80;78;0;0;0;78;0;80;F8;0;0;0;0
4.1;78;0;0;0;80;78;80;78;80;78;0;0;78;78;78;80;F8;0;0;0;0
4.2;78;0;0;0;80;78;80;78;80;78;0;0;80;0;78;80;80;F8;0;0;0
4.3;78;0;0;0;80;78;80;78;80;78;0;0;F8;0;78;F8;80;F8;0;0;0
4.4;78;0;0;0;80;78;80;78;80;78;0;0;0;0;78;0;78;0;0;0;0
4.5;78;0;0;0;80;78;80;78;80;78;0;0;78;0;78;78;78;0;0;0;0
4.6;78;0;0;0;80;78;80;78;80;78;0;0;80;0;78;80;80;78;0;0;0
4.7;78;0;0;0;80;78;80;78;80;78;0;0;F8;0;78;F8;80;78;0;0;0
4.8;78;0;0;0;80;78;80;78;80;78;0;0;0;0;78;0;78;F8;0;0;0
4.9;78;0;0;0;80;78;80;78;80;78;0;0;78;0;78;78;78;F8;0;0;0
5;78;0;0;0;80;78;80;78;80;78;78;0;0;78;78;80;F8;0;0;0;0
5.1;78;0;0;0;80;78;80;78;80;78;78;0;78;78;80;80;F8;0;0;0;0
5.2;78;0;0;0;80;78;80;78;80;78;78;0;80;0;78;F8;80;F8;0;0;0
5.3;78;0;0;0;80;78;80;78;80;78;78;0;F8;0;78;0;78;0;0;0;0
5.4;78;0;0;0;80;78;80;78;80;78;78;0;0;0;78;78;78;0;0;0;0
5.5;78;0;0;0;80;78;80;78;80;78;78;0;78;0;78;80;80;78;0;0;0
5.6;78;0;0;0;80;78;80;78;80;78;78;0;80;0;78;F8;80;78;0;0;0
5.7;78;0;0;0;80;78;80;78;80;78;78;0;F8;0;78;0;78;F8;0;0;0
5.8;78;0;0;0;80;78;80;78;80;78;78;0;0;0;78;78;78;F8;0;0;0
5.9;78;0;0;0;80;78;80;78;80;78;78;0;78;0;78;80;78;F8;0;0;0
6;78;0;0;0;80;78;80;78;80;78;80;0;0;78;80;80;F8;0;0;0;0
6.1;78;0;0;0;80;78;80;78;80;78;80;0;78;78;F8;80;F8;0;0;0;0
6.2;78;0;0;0;80;78;80;78;80;78;80;0;80;0;78;0;78;0;0;0;0
6.3;78;0;0;0;80;78;80;78;80;78;80;0;F8;0;78;78;78;0;0;0;0
6.4;78;0;0;0;80;78;80;78;80;78;80;0;0;0;78;80;80;78;0;0;0
6.5;78;0;0;0;80;78;80;78;80;78;80;0;78;0;78;F8;80;78;0;0;0
6.6;78;0;0;0;80;78;80;78;80;78;80;0;80;0;78;0;78;F8;0;0;0
6.7;78;0;0;0;80;78;80;78;80;78;80;0;F8;0;78;78;78;F8;0;0;0
6.8;78;0;0;0;80;78;80;78;80;78;80;0;0;0;78;80;78;F8;0;0;0
6.9;78;0;0;0;80;78;80;78;80;78;80;0;78;0;78;F8;78;F8;0;0;0
7;78;0;0;0;80;78;80;78;80;78;F8;0;0;78;F8;80;F8;0;0;0;0
7.1;78;0;0;0;80;78;80;78;80;78;F8;0;78;78;0;78;0;0;0;0;0
7.2;78;0;0;0;80;78;80;78;80;78;F8;0;80;0;78;78;78;0;0;0;0
7.3;78;0;0;0;80;78;80;78;80;78;F8;0;F8;0;78;80;80;78;0;0;0
7.4;78;0;0;0;80;78;80;78;80;78;F8;0;0;0;78;F8;80;78;0;0;0
7.5;78;0;0;0;80;78;80;78;80;78;F8;0;78;0;78;0;78;F8;0;0;0
7.6;78;0;0;0;80;78;80;78;80;78;F8;0;80;0;78;78;78;F8;0;0;0
7.7;78;0;0;0;80;78;80;78;80;78;F8;0;F8;0;78;80;78;F8;0;0;0
7.8;78;0;0;0;80;78;80;78;80;78;F8;0;0;0;78;F8;78;F8;0;0;0
7.9;78;0;0;0;80;78;80;78;80;78;F8;0;78;0;78;0;78;0;0;0;0
8;78;0;0;0;80;78;80;78;80;78;0;0;0;78;0;78;0;0;0;0;0
8.1;78;0;0;0;80;78;80;78;80;78;0;0;78;78;78;78;0;0;0;0;0
8.2;78;0;0;0;80;78;80;78;80;78;0;0;80;0;78;80;80;78;0;0;0
8.3;78;0;0;0;80;78;80;78;80;78;0;0;F8;0;78;F8;80;78;0;0;0
8.4;78;0;0;0;80;78;80;78;80;78;0;0;0;0;78;0;78;F8;0;0;0
8.5;78;0;0;0;80;78;80;78;80;78;0;0;78;0;78;78;78;F8;0;0;0
8.6;78;0;0;0;80;78;80;78;80;78;0;0;80;0;78;80;78;F8;0;0;0
8.7;78;0;0;0;80;78;80;78;80;78;0;0;F8;0;78;F8;78;F8;0;0;0
8.8;78;0;0;0;80;78;80;78;80;78;0;0;0;0;78;0;78;0;0;0;0
8.9;78;0;0;0;80;78;80;78;80;78;0;0;78;0;78;78;78;0;0;0;0
9;78;0;0;0;80;78;80;78;80;78;78;0;0;78;78;78;0;0;0;0;0
9.1;78;0;0;0;80;78;80;78;80;78;78;0;78;78;80;80;78;0;0;0;0
9.2;78;0;0;0;80;78;80;78;80;78;78;0;80;0;78;F8;80;78;0;0;0
9.3;78;0;0;0;80;78;80;78;80;78;78;0;F8;0;78;0;78;F8;0;0;0
9.4;78;0;0;0;80;78;80;78;80;78;78;0;0;0;78;78;78;F8;0;0;0
9.5;78;0;0;0;80;78;80;78;80;78;78;0;78;0;78;80;78;F8;0;0;0
9.6;78;0;0;0;80;78;80;78;80;78;78;0;80;0;78;F8;78;F8;0;0;0
9.7;78;0;0;0;80;78;80;78;80;78;78;0;F8;0;78;0;78;0;0;0;0
9.8;78;0;0;0;80;78;80;78;80;78;78;0;0;0;78;78;78;0;0;0;0
9.9;78;0;0;0;80;78;80;78;80;78;78;0;78;0;78;80;F8;78;0;0;0
10;78;0;0;0;80;78;80;78;78;0;0;78;F8;80;0;0;0;0;0;0;0
10.1;78;0;0;0;80;78;80;78;78;0;78;78;0;F8;0;0;0;0;0;0;0
10.2;78;0;0;0;80;78;80;78;78;0;80;0;78;78;F8;0;0;0;0;0;0
10.3;78;0;0;0;80;78;80;78;78;0;F8;0;78;80;0;F8;0;0;0;0;0
10.4;78;0;0;0;80;78;80;78;78;0;0;0;78;F8;0;F8;0;0;0;0;0
10.5;78;0;0;0;80;78;80;78;78;0;78;0;78;0;0;F8;0;0;0;0;0
10.6;78;0;0;0;80;78;80;78;78;0;80;0;78;78;0;F8;0;0;0;0;0
10.7;78;0;0;0;80;78;80;78;78;0;;;;;;;;;0;0;0
10.8;78;0;0;0;80;78;80;78;78;0;;;;;;;;;0;0;0
10.9;78;0;0;0;80;78;80;78;78;0;;;;;;;;;0;0;0
11;78;0;0;0;80;78;80;78;78;0;;;;;;;;;0;0;0
11.1;78;0;0;0;80;78;80;78;78;0;;;;;;;;;0;0;0
11.2;78;0;0;0;80;78;80;78;78;0;;;;;;;;;0;0;0
11.3;78;0;0;0;80;78;80;78;78;0;;;;;;;;;0;0;0
11.4;78;0;0;0;80;78;80;78;78;0;;;;;;;;;0;0;0
11.5;78;0;0;0;80;78;80;78;78;0;;;;;;;;;0;0;0
11.6;78;0;0;0;80;78;80;78;78;0;;;;;;;;;0;0;0
11.7;78;0;0;0;80;78;80;78;78;0;;;;;;;;;0;0;0
11.8;78;0;0;0;80;78;80;78;78;0;;;;;;;;;0;0;0
11.9;78;0;0;0;80;78;80;78;78;0;;;;;;;;;0;0;0
12;78;0;0;0;80;78;80;78;78;0;;;;;;;;;0;0;0
12.1;78;0;0;0;80;78;80;78;78;0;;;;;;;;;0;0;0
12.2;78;0;0;0;80;78;80;78;78;0;;;;;;;;;0;0;0
12.3;78;0;0;0;80;78;80;78;78;0;;;;;;;;;0;0;0
12.4;78;0;0;0;80;78;80;78;78;0;;;;;;;;;0;0;0
12.5;78;0;0;0;80;78;80;78;78;0;;;;;;;;;0;0;0
12.6;78;0;0;0;80;78;80;78;78;0;;;;;;;;;0;0;0
12.7;78;0;0;0;80;78;80;78;78;0;;;;;;;;;0;0;0
12.8;78;0;0;0;80;78;80;78;78;0;;;;;;;;;0;0;0
12.9;78;0;0;0;80;78;80;78;78;0;;;;;;;;;0;0;0
13;78;0;0;0;80;78;80;78;78;0;;;;;;;;;0;0;0
13.1;78;0;0;0;80;78;80;78;78;0;;;;;;;;;0;0;0
13.2;78;0;0;0;80;78;80;78;78;0;;;;;;;;;0;0;0
13.3;78;0;0;0;80;78;80;78;78;0;;;;;;;;;0;0;0
13.4;78;0;0;0;80;78;80;78;78;0;;;;;;;;;0;0;0
13.5;78;0;0;0;80;78;80;78;78;0;;;;;;;;;0;0;0
13.6;78;0;0;0;80;78;80;78;78;0;;;;;;;;;0;0;0
13.7;78;0;0;0;80;78;80;78;78;0;;;;;;;;;0;0;0
13.8;78;0;0;0;80;78;80;78;78;0;;;;;;;;;0;0;0
13.9;78;0;0;0;80;78;80;78;78;0;;;;;;;;;0;0;0
14;78;0;0;0;80;78;80;78;78;0;;;;;;;;;0;0;0
14.1;78;0;0;0;80;78;80;78;78;0;;;;;;;;;0;0;0
14.2;78;0;0;0;80;78;80;78;78;0;;;;;;;;;0;0;0
14.3;78;0;0;0;80;78;80;78;78;0;;;;;;;;;0;0;0
14.4;78;0;0;0;80;78;80;78;78;0;;;;;;;;;0;0;0
14.5;78;0;0;0;80;78;80;78;78;0;;;;;;;;;0;0;0
14.6;78;0;0;0;80;78;80;78;78;0;;;;;;;;;0;0;0
14.7;78;0;0;0;80;78;80;78;78;0;;;;;;;;;0;0;0
14.8;78;0;0;0;80;78;80;78;78;0;;;;;;;;;0;0;0
14.9;78;0;0;0;80;78;80;78;78;0;;;;;;;;;0;0;0
15;78;0;0;0;80;78;80;78;78;0;;;;;;;;;0;0;0
15.1;78;0;0;0;80;78;80;78;78;0;;;;;;;;;0;0;0
15.2;78;0;0;0;80;78;80;78;78;0;;;;;;;;;0;0;0
15.3;78;0;0;0;80;78;80;78;78;0;;;;;;;;;0;0;0
15.4;78;0;0;0;80;78;80;78;78;0;;;;;;;;;0;0;0
15.5;78;0;0;0;80;78;80;78;78;0;;;;;;;;;0;0;0
15.6;78;0;0;0;80;78;80;78;78;0;;;;;;;;;0;0;0
15.7;78;0;0;0;80;78;80;78;78;0;;;;;;;;;0;0;0
15.8;78;0;0;0;80;78;80;78;78;0;;;;;;;;;0;0;0
15.9;78;0;0;0;80;78;80;78;78;0;;;;;;;;;0;0;0
16;78;0;0;0;80;78;80;78;78;0;;;;;;;;;0;0;0
16.1;78;0;0;0;80;78;80;78;78;0;;;;;;;;;0;0;0
16.2;78;0;0;0;80;78;80;78;78;0;;;;;;;;;0;0;0
16.3;78;0;0;0;80;78;80;78;78;0;;;;;;;;;0;0;0
16.4;78;0;0;0;80;78;80;78;78;0;;;;;;;;;0;0;0
16.5;78;0;0;0;80;78;80;78;78;0;;;;;;;;;0;0;0
16.6;78;0;0;0;80;78;80;78;78;0;;;;;;;;;0;0;0
16.7;78;0;0;0;80;78;80;78;78;0;;;;;;;;;0;0;0
16.8;78;0;0;0;80;78;80;78;78;0;;;;;;;;;0;0;0
16.9;78;0;0;0;80;78;80;78;78;0;;;;;;;;;0;0;0
17;78;0;0;0;80;78;80;78;78;0;;;;;;;;;0;0;0
17.1;78;0;0;0;80;78;80;78;78;0;;;;;;;;;0;0;0
17.2;78;0;0;0;80;78;80;78;78;0;;;;;;;;;0;0;0
17.3;78;0;0;0;80;78;80;78;78;0;;;;;;;;;0;0;0
17.4;78;0;0;0;80;78;80;78;78;0;;;;;;;;;0;0;0
17.5;78;0;0;0;80;78;80;78;78;0;;;;;;;;;0;0;0
17.6;78;0;0;0;80;78;80;78;78;0;;;;;;;;;0;0;0
17.7;78;0;0;0;80;78;80;78;78;0;;;;;;;;;0;0;0
17.8;78;0;0;0;80;78;80;78;78;0;;;;;;;;;0;0;0
17.9;78;0;0;0;80;78;80;78;78;0;;;;;;;;;0;0;0
18;78;0;0;0;80;78;80;78;78;0;0;0;78;F8;0;F8;0;0;0;0;0
18.1;78;0;0;0;80;78;80;78;78;0;0;78;78;0;80;F8;0;0;0;0;0
18.2;78;0;0;0;80;78;80;78;78;0;;;;;;;;;0;0;0
18.3;78;0;0;0;80;78;80;78;78;0;;;;;;;;;0;0;0
18.4;78;0;0;0;80;78;80;78;78;0;;;;;;;;;0;0;0
18.5;78;0;0;0;80;78;80;78;78;0;;;;;;;;;0;0;0
18.6;78;0;0;0;80;78;80;78;78;0;;;;;;;;;0;0;0
18.7;78;0;0;0;80;78;80;78;78;0;;;;;;;;;0;0;0
18.8;78;0;0;0;80;78;80;78;78;0;;;;;;;;;0;0;0
18.9;78;0;0;0;80;78;80;78;78;0;;;;;;;;;0;0;0
19;78;0;0;0;80;78;80;78;78;0;;;;;;;;;0;0;0
19.1;78;0;0;0;80;78;80;78;78;0;;;;;;;;;0;0;0
19.2;78;0;0;0;80;78;80;78;78;0;;;;;;;;;0;0;0
19.3;78;0;0;0;80;78;80;78;78;0;;;;;;;;;0;0;0
19.4;78;0;0;0;80;78;80;78;78;0;;;;;;;;;0;0;0
19.5;78;0;0;0;80;78;80;78;78;0;;;;;;;;;0;0;0
19.6;78;0;0;0;80;78;80;78;78;0;;;;;;;;;0;0;0
19.7;78;0;0;0;80;78;80;78;78;0;;;;;;;;;0;0;0
19.8;78;0;0;0;80;78;80;78;78;0;;;;;;;;;0;0;0
19.9;78;0;0;0;80;78;80;78;78;0;;;;;;;;;0;0;0
20;78;0;0;0;80;78;80;78;80;0;;;;;;;;;0;0;0
20.1;78;0;0;0;80;78;80;78;80;0;;;;;;;;;0;0;0
20.2;78;0;0;0;80;78;80;78;80;0;;;;;;;;;0;0;0
20.3;78;0;0;0;80;78;80;78;80;0;;;;;;;;;0;0;0
20.4;78;0;0;0;80;78;80;78;80;0;;;;;;;;;0;0;0
20.5;78;0;0;0;80;78;80;78;80;0;;;;;;;;;0;0;0
20.6;78;0;0;0;80;78;80;78;80;0;;;;;;;;;0;0;0
20.7;78;0;0;0;80;78;80;78;80;0;;;;;;;;;0;0;0
20.8;78;0;0;0;80;78;80;78;80;0;;;;;;;;;0;0;0
20.9;78;0;0;0;80;78;80;78;80;0;;;;;;;;;0;0;0
21;78;0;0;0;80;78;80;78;80;0;;;;;;;;;0;0;0
21.1;78;0;0;0;80;78;80;78;80;0;;;;;;;;;0;0;0
21.2;78;0;0;0;80;78;80;78;80;0;;;;;;;;;0;0;0
21.3;78;0;0;0;80;78;80;78;80;0;;;;;;;;;0;0;0
21.4;78;0;0;0;80;78;80;78;80;0;;;;;;;;;0;0;0
21.5;78;0;0;0;80;78;80;78;80;0;;;;;;;;;0;0;0
21.6;78;0;0;0;80;78;80;78;80;0;;;;;;;;;0;0;0
21.7;78;0;0;0;80;78;80;78;80;0;;;;;;;;;0;0;0
21.8;78;0;0;0;80;78;80;78;80;0;;;;;;;;;0;0;0
21.9;78;0;0;0;80;78;80;78;80;0;;;;;;;;;0;0;0
22;78;0;0;0;80;78;80;78;80;0;;;;;;;;;0;0;0
22.1;78;0;0;0;80;78;80;78;80;0;;;;;;;;;0;0;0
22.2;78;0;0;0;80;78;80;78;80;0;;;;;;;;;0;0;0
22.3;78;0;0;0;80;78;80;78;80;0;;;;;;;;;0;0;0
22.4;78;0;0;0;80;78;80;78;80;0;;;;;;;;;0;0;0
22.5;78;0;0;0;80;78;80;78;80;0;;;;;;;;;0;0;0
22.6;78;0;0;0;80;78;80;78;80;0;;;;;;;;;0;0;0
22.7;78;0;0;0;80;78;80;78;80;0;;;;;;;;;0;0;0
22.8;78;0;0;0;80;78;80;78;80;0;;;;;;;;;0;0;0
22.9;78;0;0;0;80;78;80;78;80;0;;;;;;;;;0;0;0
23;78;0;0;0;80;78;80;78;80;0;;;;;;;;;0;0;0
23.1;78;0;0;0;80;78;80;78;80;0;;;;;;;;;0;0;0
23.2;78;0;0;0;80;78;80;78;80;0;;;;;;;;;0;0;0
23.3;78;0;0;0;80;78;80;78;80;0;;;;;;;;;0;0;0
23.4;78;0;0;0;80;78;80;78;80;0;;;;;;;;;0;0;0
23.5;78;0;0;0;80;78;80;78;80;0;;;;;;;;;0;0;0
23.6;78;0;0;0;80;78;80;78;80;0;;;;;;;;;0;0;0
23.7;78;0;0;0;80;78;80;78;80;0;;;;;;;;;0;0;0
23.8;78;0;0;0;80;78;80;78;80;0;;;;;;;;;0;0;0
23.9;78;0;0;0;80;78;80;78;80;0;;;;;;;;;0;0;0
24;78;0;0;0;80;78;80;78;80;0;;;;;;;;;0;0;0
24.1;78;0;0;0;80;78;80;78;80;0;;;;;;;;;0;0;0
24.2;78;0;0;0;80;78;80;78;80;0;;;;;;;;;0;0;0
24.3;78;0;0;0;80;78;80;78;80;0;;;;;;;;;0;0;0
24.4;78;0;0;0;80;78;80;78;80;0;;;;;;;;;0;0;0
24.5;78;0;0;0;80;78;80;78;80;0;;;;;;;;;0;0;0
24.6;78;0;0;0;80;78;80;78;80;0;;;;;;;;;0;0;0
24.7;78;0;0;0;80;78;80;78;80;0;;;;;;;;;0;0;0
24.8;78;0;0;0;80;78;80;78;80;0;;;;;;;;;0;0;0
24.9;78;0;0;0;80;78;80;78;80;0;;;;;;;;;0;0;0
25;78;0;0;0;80;78;80;78;80;0;;;;;;;;;0;0;0
25.1;78;0;0;0;80;78;80;78;80;0;;;;;;;;;0;0;0
25.2;78;0;0;0;80;78;80;78;80;0;;;;;;;;;0;0;0
25.3;78;0;0;0;80;78;80;78;80;0;;;;;;;;;0;0;0
25.4;78;0;0;0;80;78;80;78;80;0;;;;;;;;;0;0;0
25.5;78;0;0;0;80;78;80;78;80;0;;;;;;;;;0;0;0
25.6;78;0;0;0;80;78;80;78;80;0;;;;;;;;;0;0;0
25.7;78;0;0;0;80;78;80;78;80;0;;;;;;;;;0;0;0
25.8;78;0;0;0;80;78;80;78;80;0;;;;;;;;;0;0;0
25.9;78;0;0;0;80;78;80;78;80;0;;;;;;;;;0;0;0
26;78;0;0;0;80;78;80;78;80;0;;;;;;;;;0;0;0
26.1;78;0;0;0;80;78;80;78;80;0;;;;;;;;;0;0;0
26.2;78;0;0;0;80;78;80;78;80;0;;;;;;;;;0;0;0
26.3;78;0;0;0;80;78;80;78;80;0;;;;;;;;;0;0;0
26.4;78;0;0;0;80;78;80;78;80;0;;;;;;;;;0;0;0
26.5;78;0;0;0;80;78;80;78;80;0;;;;;;;;;0;0;0
26.6;78;0;0;0;80;78;80;78;80;0;;;;;;;;;0;0;0
26.7;78;0;0;0;80;78;80;78;80;0;;;;;;;;;0;0;0
26.8;78;0;0;0;80;78;80;78;80;0;;;;;;;;;0;0;0
26.9;78;0;0;0;80;78;80;78;80;0;;;;;;;;;0;0;0
27;78;0;0;0;80;78;80;78;80;0;;;;;;;;;0;0;0
27.1;78;0;0;0;80;78;80;78;80;0;;;;;;;;;0;0;0
27.2;78;0;0;0;80;78;80;78;80;0;;;;;;;;;0;0;0
27.3;78;0;0;0;80;78;80;78;80;0;;;;;;;;;0;0;0
27.4;78;0;0;0;80;78;80;78;80;0;;;;;;;;;0;0;0
27.5;78;0;0;0;80;78;80;78;80;0;;;;;;;;;0;0;0
27.6;78;0;0;0;80;78;80;78;80;0;;;;;;;;;0;0;0
27.7;78;0;0;0;80;78;80;78;80;0;;;;;;;;;0;0;0
27.8;78;0;0;0;80;78;80;78;80;0;;;;;;;;;0;0;0
27.9;78;0;0;0;80;78;80;78;80;0;;;;;;;;;0;0;0
28;78;0;0;0;80;78;80;78;80;0;;;;;;;;;0;0;0
28.1;78;0;0;0;80;78;80;78;80;0;;;;;;;;;0;0;0
28.2;78;0;0;0;80;78;80;78;80;0;;;;;;;;;0;0;0
28.3;78;0;0;0;80;78;80;78;80;0;;;;;;;;;0;0;0
28.4;78;0;0;0;80;78;80;78;80;0;;;;;;;;;0;0;0
28.5;78;0;0;0;80;78;80;78;80;0;;;;;;;;;0;0;0
28.6;78;0;0;0;80;78;80;78;80;0;;;;;;;;;0;0;0
28.7;78;0;0;0;80;78;80;78;80;0;;;;;;;;;0;0;0
28.8;78;0;0;0;80;78;80;78;80;0;;;;;;;;;0;0;0
28.9;78;0;0;0;80;78;80;78;80;0;;;;;;;;;0;0;0
29;78;0;0;0;80;78;80;78;80;0;;;;;;;;;0;0;0
29.1;78;0;0;0;80;78;80;78;80;0;;;;;;;;;0;0;0
29.2;78;0;0;0;80;78;80;78;80;0;;;;;;;;;0;0;0
29.3;78;0;0;0;80;78;80;78;80;0;;;;;;;;;0;0;0
29.4;78;0;0;0;80;78;80;78;80;0;78;0;0;0;78;78;80;F8;0;0;0
29.5;78;0;0;0;80;78;80;78;80;0;;;;;;;;;0;0;0
29.6;78;0;0;0;80;78;80;78;80;0;;;;;;;;;0;0;0
29.7;78;0;0;0;80;78;80;78;80;0;;;;;;;;;0;0;0
29.8;78;0;0;0;80;78;80;78;80;0;78;0;0;0;78;78;78;0;0;0;0
29.9;78;0;0;0;80;78;80;78;80;0;78;0;78;0;78;80;80;78;0;0;0
30;78;0;0;0;80;78;80;78;F8;0;0;0;78;78;F8;0;0;0;0;0;0
30.1;78;0;0;0;80;78;80;78;F8;0;0;78;78;80;0;F8;0;0;0;0;0
30.2;78;0;0;0;80;78;80;78;F8;0;0;80;0;78;F8;0;F8;0;0;0;0
30.3;78;0;0;0;80;78;80;78;F8;0;0;F8;0;78;0;0;F8;0;0;0;0
30.4;78;0;0;0;80;78;80;78;F8;0;0;0;0;78;78;0;F8;0;0;0;0
30.5;78;0;0;0;80;78;80;78;F8;0;0;78;0;78;80;0;F8;0;0;0;0
30.6;78;0;0;0;80;78;80;78;F8;0;0;80;0;78;F8;0;F8;0;0;0;0
30.7;78;0;0;0;80;78;80;78;F8;0;0;F8;0;78;0;80;F8;0;0;0;0
30.8;78;0;0;0;80;78;80;78;F8;0;0;0;0;78;78;80;F8;0;0;0;0
30.9;78;0;0;0;80;78;80;78;F8;0;0;78;0;78;80;78;F8;0;0;0;0
31;78;0;0;0;80;78;80;78;F8;0;78;0;78;80;0;F8;0;0;0;0;0
31.1;78;0;0;0;80;78;80;78;F8;0;78;78;78;F8;0;F8;0;0;0;0;0
31.2;78;0;0;0;80;78;80;78;F8;0;;;;;;;;;0;0;0
31.3;78;0;0;0;80;78;80;78;F8;0;;;;;;;;;0;0;0
31.4;78;0;0;0;80;78;80;78;F8;0;;;;;;;;;0;0;0
31.5;78;0;0;0;80;78;80;78;F8;0;;;;;;;;;0;0;0
31.6;78;0;0;0;80;78;80;78;F8;0;;;;;;;;;0;0;0
31.7;78;0;0;0;80;78;80;78;F8;0;;;;;;;;;0;0;0
31.8;78;0;0;0;80;78;80;78;F8;0;;;;;;;;;0;0;0
31.9;78;0;0;0;80;78;80;78;F8;0;;;;;;;;;0;0;0
32;78;0;0;0;80;78;80;78;F8;0;;;;;;;;;0;0;0
32.1;78;0;0;0;80;78;80;78;F8;0;;;;;;;;;0;0;0
32.2;78;0;0;0;80;78;80;78;F8;0;;;;;;;;;0;0;0
32.3;78;0;0;0;80;78;80;78;F8;0;;;;;;;;;0;0;0
32.4;78;0;0;0;80;78;80;78;F8;0;;;;;;;;;0;0;0
32.5;78;0;0;0;80;78;80;78;F8;0;;;;;;;;;0;0;0
32.6;78;0;0;0;80;78;80;78;F8;0;;;;;;;;;0;0;0
32.7;78;0;0;0;80;78;80;78;F8;0;;;;;;;;;0;0;0
32.8;78;0;0;0;80;78;80;78;F8;0;;;;;;;;;0;0;0
32.9;78;0;0;0;80;78;80;78;F8;0;;;;;;;;;0;0;0
33;78;0;0;0;80;78;80;78;F8;0;;;;;;;;;0;0;0
33.1;78;0;0;0;80;78;80;78;F8;0;;;;;;;;;0;0;0
33.2;78;0;0;0;80;78;80;78;F8;0;;;;;;;;;0;0;0
33.3;78;0;0;0;80;78;80;78;F8;0;;;;;;;;;0;0;0
33.4;78;0;0;0;80;78;80;78;F8;0;;;;;;;;;0;0;0
33.5;78;0;0;0;80;78;80;78;F8;0;;;;;;;;;0;0;0
33.6;78;0;0;0;80;78;80;78;F8;0;;;;;;;;;0;0;0
33.7;78;0;0;0;80;78;80;78;F8;0;;;;;;;;;0;0;0
33.8;78;0;0;0;80;78;80;78;F8;0;;;;;;;;;0;0;0
33.9;78;0;0;0;80;78;80;78;F8;0;;;;;;;;;0;0;0
34;78;0;0;0;80;78;80;78;F8;0;;;;;;;;;0;0;0
34.1;78;0;0;0;80;78;80;78;F8;0;;;;;;;;;0;0;0
34.2;78;0;0;0;80;78;80;78;F8;0;;;;;;;;;0;0;0
34.3;78;0;0;0;80;78;80;78;F8;0;;;;;;;;;0;0;0
34.4;78;0;0;0;80;78;80;78;F8;0;;;;;;;;;0;0;0
34.5;78;0;0;0;80;78;80;78;F8;0;;;;;;;;;0;0;0
34.6;78;0;0;0;80;78;80;78;F8;0;;;;;;;;;0;0;0
34.7;78;0;0;0;80;78;80;78;F8;0;;;;;;;;;0;0;0
34.8;78;0;0;0;80;78;80;78;F8;0;;;;;;;;;0;0;0
34.9;78;0;0;0;80;78;80;78;F8;0;;;;;;;;;0;0;0
35;78;0;0;0;80;78;80;78;F8;0;;;;;;;;;0;0;0
35.1;78;0;0;0;80;78;80;78;F8;0;;;;;;;;;0;0;0
35.2;78;0;0;0;80;78;80;78;F8;0;;;;;;;;;0;0;0
35.3;78;0;0;0;80;78;80;78;F8;0;;;;;;;;;0;0;0
35.4;78;0;0;0;80;78;80;78;F8;0;;;;;;;;;0;0;0
35.5;78;0;0;0;80;78;80;78;F8;0;;;;;;;;;0;0;0
35.6;78;0;0;0;80;78;80;78;F8;0;;;;;;;;;0;0;0
35.7;78;0;0;0;80;78;80;78;F8;0;;;;;;;;;0;0;0
35.8;78;0;0;0;80;78;80;78;F8;0;;;;;;;;;0;0;0
35.9;78;0;0;0;80;78;80;78;F8;0;;;;;;;;;0;0;0
36;78;0;0;0;80;78;80;78;F8;0;;;;;;;;;0;0;0
36.1;78;0;0;0;80;78;80;78;F8;0;;;;;;;;;0;0;0
36.2;78;0;0;0;80;78;80;78;F8;0;;;;;;;;;0;0;0
36.3;78;0;0;0;80;78;80;78;F8;0;;;;;;;;;0;0;0
36.4;78;0;0;0;80;78;80;78;F8;0;;;;;;;;;0;0;0
36.5;78;0;0;0;80;78;80;78;F8;0;;;;;;;;;0;0;0
36.6;78;0;0;0;80;78;80;78;F8;0;;;;;;;;;0;0;0
36.7;78;0;0;0;80;78;80;78;F8;0;;;;;;;;;0;0;0
36.8;78;0;0;0;80;78;80;78;F8;0;;;;;;;;;0;0;0
36.9;78;0;0;0;80;78;80;78;F8;0;;;;;;;;;0;0;0
37;78;0;0;0;80;78;80;78;F8;0;;;;;;;;;0;0;0
37.1;78;0;0;0;80;78;80;78;F8;0;;;;;;;;;0;0;0
37.2;78;0;0;0;80;78;80;78;F8;0;;;;;;;;;0;0;0
37.3;78;0;0;0;80;78;80;78;F8;0;;;;;;;;;0;0;0
37.4;78;0;0;0;80;78;80;78;F8;0;;;;;;;;;0;0;0
37.5;78;0;0;0;80;78;80;78;F8;0;;;;;;;;;0;0;0
37.6;78;0;0;0;80;78;80;78;F8;0;;;;;;;;;0;0;0
37.7;78;0;0;0;80;78;80;78;F8;0;;;;;;;;;0;0;0
37.8;78;0;0;0;80;78;80;78;F8;0;;;;;;;;;0;0;0
37.9;78;0;0;0;80;78;80;78;F8;0;;;;;;;;;0;0;0
38;78;0;0;0;80;78;80;78;F8;0;;;;;;;;;0;0;0
38.1;78;0;0;0;80;78;80;78;F8;0;;;;;;;;;0;0;0
38.2;78;0;0;0;80;78;80;78;F8;0;;;;;;;;;0;0;0
38.3;78;0;0;0;80;78;80;78;F8;0;;;;;;;;;0;0;0
38.4;78;0;0;0;80;78;80;78;F8;0;;;;;;;;;0;0;0
38.5;78;0;0;0;80;78;80;78;F8;0;;;;;;;;;0;0;0
38.6;78;0;0;0;80;78;80;78;F8;0;;;;;;;;;0;0;0
38.7;78;0;0;0;80;78;80;78;F8;0;;;;;;;;;0;0;0
38.8;78;0;0;0;80;78;80;78;F8;0;;;;;;;;;0;0;0
38.9;78;0;0;0;80;78;80;78;F8;0;;;;;;;;;0;0;0
39;78;0;0;0;80;78;80;78;F8;0;;;;;;;;;0;0;0
39.1;78;0;0;0;80;78;80;78;F8;0;;;;;;;;;0;0;0
39.2;78;0;0;0;80;78;80;78;F8;0;;;;;;;;;0;0;0
39.3;78;0;0;0;80;78;80;78;F8;0;;;;;;;;;0;0;0
39.4;78;0;0;0;80;78;80;78;F8;0;;;;;;;;;0;0;0
39.5;78;0;0;0;80;78;80;78;F8;0;78;0;78;0;78;F8;80;F8;0;0;0
39.6;78;0;0;0;80;78;80;78;F8;0;;;;;;;;;0;0;0
39.7;78;0;0;0;80;78;80;78;F8;0;;;;;;;;;0;0;0
39.8;78;0;0;0;80;78;80;78;F8;0;78;0;0;0;78;80;80;78;0;0;0
39.9;78;0;0;0;80;78;80;78;F8;0;78;0;78;0;78;;;;0;0;0
40;78;0;0;0;80;78;80;78;0;0;0;0;78;80;0;F8;0;0;0;0;0
40.1;78;0;0;0;80;78;80;78;0;0;;;;;;;;;0;0;0
40.2;78;0;0;0;80;78;80;78;0;0;;;;;;;;;0;0;0
40.3;78;0;0;0;80;78;80;78;0;0;;;;;;;;;0;0;0
40.4;78;0;0;0;80;78;80;78;0;0;;;;;;;;;0;0;0
40.5;78;0;0;0;80;78;80;78;0;0;;;;;;;;;0;0;0
40.6;78;0;0;0;80;78;80;78;0;0;;;;;;;;;0;0;0
40.7;78;0;0;0;80;78;80;78;0;0;;;;;;;;;0;0;0
40.8;78;0;0;0;80;78;80;78;0;0;;;;;;;;;0;0;0
40.9;78;0;0;0;80;78;80;78;0;0;;;;;;;;;0;0;0
41;78;0;0;0;80;78;80;78;0;0;;;;;;;;;0;0;0
41.1;78;0;0;0;80;78;80;78;0;0;;;;;;;;;0;0;0
41.2;78;0;0;0;80;78;80;78;0;0;;;;;;;;;0;0;0
41.3;78;0;0;0;80;78;80;78;0;0;;;;;;;;;0;0;0
41.4;78;0;0;0;80;78;80;78;0;0;;;;;;;;;0;0;0
41.5;78;0;0;0;80;78;80;78;0;0;;;;;;;;;0;0;0
41.6;78;0;0;0;80;78;80;78;0;0;;;;;;;;;0;0;0
41.7;78;0;0;0;80;78;80;78;0;0;;;;;;;;;0;0;0
41.8;78;0;0;0;80;78;80;78;0;0;;;;;;;;;0;0;0
41.9;78;0;0;0;80;78;80;78;0;0;;;;;;;;;0;0;0
42;78;0;0;0;80;78;80;78;0;0;;;;;;;;;0;0;0
42.1;78;0;0;0;80;78;80;78;0;0;;;;;;;;;0;0;0
42.2;78;0;0;0;80;78;80;78;0;0;;;;;;;;;0;0;0
42.3;78;0;0;0;80;78;80;78;0;0;;;;;;;;;0;0;0
42.4;78;0;0;0;80;78;80;78;0;0;;;;;;;;;0;0;0
42.5;78;0;0;0;80;78;80;78;0;0;;;;;;;;;0;0;0
42.6;78;0;0;0;80;78;80;78;0;0;;;;;;;;;0;0;0
42.7;78;0;0;0;80;78;80;78;0;0;;;;;;;;;0;0;0
42.8;78;0;0;0;80;78;80;78;0;0;;;;;;;;;0;0;0
42.9;78;0;0;0;80;78;80;78;0;0;;;;;;;;;0;0;0
43;78;0;0;0;80;78;80;78;0;0;;;;;;;;;0;0;0
43.1;78;0;0;0;80;78;80;78;0;0;;;;;;;;;0;0;0
43.2;78;0;0;0;80;78;80;78;0;0;;;;;;;;;0;0;0
43.3;78;0;0;0;80;78;80;78;0;0;;;;;;;;;0;0;0
43.4;78;0;0;0;80;78;80;78;0;0;;;;;;;;;0;0;0
43.5;78;0;0;0;80;78;80;78;0;0;;;;;;;;;0;0;0
43.6;78;0;0;0;80;78;80;78;0;0;;;;;;;;;0;0;0
43.7;78;0;0;0;80;78;80;78;0;0;;;;;;;;;0;0;0
43.8;78;0;0;0;80;78;80;78;0;0;;;;;;;;;0;0;0
43.9;78;0;0;0;80;78;80;78;0;0;;;;;;;;;0;0;0
44;78;0;0;0;80;78;80;78;0;0;;;;;;;;;0;0;0
44.1;78;0;0;0;80;78;80;78;0;0;;;;;;;;;0;0;0
44.2;78;0;0;0;80;78;80;78;0;0;;;;;;;;;0;0;0
44.3;78;0;0;0;80;78;80;78;0;0;;;;;;;;;0;0;0
44.4;78;0;0;0;80;78;80;78;0;0;;;;;;;;;0;0;0
44.5;78;0;0;0;80;78;80;78;0;0;;;;;;;;;0;0;0
44.6;78;0;0;0;80;78;80;78;0;0;;;;;;;;;0;0;0
44.7;78;0;0;0;80;78;80;78;0;0;;;;;;;;;0;0;0
44.8;78;0;0;0;80;78;80;78;0;0;;;;;;;;;0;0;0
44.9;78;0;0;0;80;78;80;78;0;0;;;;;;;;;0;0;0
45;78;0;0;0;80;78;80;78;0;0;;;;;;;;;0;0;0
45.1;78;0;0;0;80;78;80;78;0;0;;;;;;;;;0;0;0
45.2;78;0;0;0;80;78;80;78;0;0;;;;;;;;;0;0;0
45.3;78;0;0;0;80;78;80;78;0;0;;;;;;;;;0;0;0
45.4;78;0;0;0;80;78;80;78;0;0;;;;;;;;;0;0;0
45.5;78;0;0;0;80;78;80;78;0;0;;;;;;;;;0;0;0
45.6;78;0;0;0;80;78;80;78;0;0;;;;;;;;;0;0;0
45.7;78;0;0;0;80;78;80;78;0;0;;;;;;;;;0;0;0
45.8;78;0;0;0;80;78;80;78;0;0;;;;;;;;;0;0;0
45.9;78;0;0;0;80;78;80;78;0;0;;;;;;;;;0;0;0
46;78;0;0;0;80;78;80;78;0;0;;;;;;;;;0;0;0
46.1;78;0;0;0;80;78;80;78;0;0;;;;;;;;;0;0;0
46.2;78;0;0;0;80;78;80;78;0;0;;;;;;;;;0;0;0
46.3;78;0;0;0;80;78;80;78;0;0;;;;;;;;;0;0;0
46.4;78;0;0;0;80;78;80;78;0;0;;;;;;;;;0;0;0
46.5;78;0;0;0;80;78;80;78;0;0;;;;;;;;;0;0;0
46.6;78;0;0;0;80;78;80;78;0;0;;;;;;;;;0;0;0
46.7;78;0;0;0;80;78;80;78;0;0;;;;;;;;;0;0;0
46.8;78;0;0;0;80;78;80;78;0;0;;;;;;;;;0;0;0
46.9;78;0;0;0;80;78;80;78;0;0;;;;;;;;;0;0;0
47;78;0;0;0;80;78;80;78;0;0;;;;;;;;;0;0;0
47.1;78;0;0;0;80;78;80;78;0;0;;;;;;;;;0;0;0
47.2;78;0;0;0;80;78;80;78;0;0;;;;;;;;;0;0;0
47.3;78;0;0;0;80;78;80;78;0;0;;;;;;;;;0;0;0
47.4;78;0;0;0;80;78;80;78;0;0;;;;;;;;;0;0;0
47.5;78;0;0;0;80;78;80;78;0;0;;;;;;;;;0;0;0
47.6;78;0;0;0;80;78;80;78;0;0;;;;;;;;;0;0;0
47.7;78;0;0;0;80;78;80;78;0;0;;;;;;;;;0;0;0
47.8;78;0;0;0;80;78;80;78;0;0;;;;;;;;;0;0;0
47.9;78;0;0;0;80;78;80;78;0;0;;;;;;;;;0;0;0
48;78;0;0;0;80;78;80;78;0;0;;;;;;;;;0;0;0
48.1;78;0;0;0;80;78;80;78;0;0;;;;;;;;;0;0;0
48.2;78;0;0;0;80;78;80;78;0;0;;;;;;;;;0;0;0
48.3;78;0;0;0;80;78;80;78;0;0;;;;;;;;;0;0;0
48.4;78;0;0;0;80;78;80;78;0;0;;;;;;;;;0;0;0
48.5;78;0;0;0;80;78;80;78;0;0;;;;;;;;;0;0;0
48.6;78;0;0;0;80;78;80;78;0;0;;;;;;;;;0;0;0
48.7;78;0;0;0;80;78;80;78;0;0;;;;;;;;;0;0;0
48.8;78;0;0;0;80;78;80;78;0;0;;;;;;;;;0;0;0
48.9;78;0;0;0;80;78;80;78;0;0;;;;;;;;;0;0;0
49;78;0;0;0;80;78;80;78;0;0;;;;;;;;;0;0;0
49.1;78;0;0;0;80;78;80;78;0;0;;;;;;;;;0;0;0
49.2;78;0;0;0;80;78;80;78;0;0;;;;;;;;;0;0;0
49.3;78;0;0;0;80;78;80;78;0;0;;;;;;;;;0;0;0
49.4;78;0;0;0;80;78;80;78;0;0;;;;;;;;;0;0;0
49.5;78;0;0;0;80;78;80;78;0;0;;;;;;;;;0;0;0
49.6;78;0;0;0;80;78;80;78;0;0;;;;;;;;;0;0;0
49.7;78;0;0;0;80;78;80;78;0;0;;;;;;;;;0;0;0
49.8;78;0;0;0;80;78;80;78;0;0;;;;;;;;;0;0;0
49.9;78;0;0;0;80;78;80;78;0;0;;;;;;;;;0;0;0
50;78;0;0;0;80;78;80;78;78;0;0;0;78;F8;0;F8;0;0;0;0;0
50.1;78;0;0;0;80;78;80;78;78;0;0;78;78;0;0;F8;0;0;0;0;0
50.2;78;0;0;0;80;78;80;78;78;0;0;80;0;78;78;0;F8;0;0;0;0
50.3;78;0;0;0;80;78;80;78;78;0;0;F8;0;78;80;0;F8;0;0;0;0
50.4;78;0;0;0;80;78;80;78;78;0;0;0;0;78;F8;0;F8;0;0;0;0
50.5;78;0;0;0;80;78;80;78;78;0;0;78;0;78;0;80;F8;0;0;0;0
50.6;78;0;0;0;80;78;80;78;78;0;0;80;0;78;78;80;F8;0;0;0;0
50.7;78;0;0;0;80;78;80;78;78;0;0;F8;0;78;80;78;F8;0;0;0;0
50.8;78;0;0;0;80;78;80;78;78;0;0;0;0;78;F8;78;F8;0;0;0;0
50.9;78;0;0;0;80;78;80;78;78;0;0;78;0;78;0;80;F8;0;0;0;0
51;78;0;0;0;80;78;80;78;78;0;78;0;78;0;0;F8;0;0;0;0;0
51.1;78;0;0;0;80;78;80;78;78;0;78;78;78;78;0;F8;0;0;0;0;0
51.2;78;0;0;0;80;78;80;78;78;0;78;80;0;78;80;0;F8;0;0;0;0
51.3;78;0;0;0;80;78;80;78;78;0;78;F8;0;78;F8;0;F8;0;0;0;0
51.4;78;0;0;0;80;78;80;78;78;0;78;0;0;78;0;80;F8;0;0;0;0
51.5;78;0;0;0;80;78;80;78;78;0;78;78;0;78;78;80;F8;0;0;0;0
51.6;78;0;0;0;80;78;80;78;78;0;78;80;0;78;80;78;F8;0;0;0;0
51.7;78;0;0;0;80;78;80;78;78;0;78;F8;0;78;F8;78;F8;0;0;0;0
51.8;78;0;0;0;80;78;80;78;78;0;78;0;0;78;0;80;F8;0;0;0;0
51.9;78;0;0;0;80;78;80;78;78;0;78;78;0;78;78;80;F8;0;0;0;0
52;78;0;0;0;80;78;80;78;78;0;80;0;0;78;78;0;F8;0;0;0;0
52.1;78;0;0;0;80;78;80;78;78;0;80;0;78;78;80;0;F8;0;0;0;0
52.2;78;0;0;0;80;78;80;78;78;0;80;0;80;0;78;F8;0;F8;0;0;0
52.3;78;0;0;0;80;78;80;78;78;0;80;0;F8;0;78;0;80;F8;0;0;0
52.4;78;0;0;0;80;78;80;78;78;0;80;0;0;0;78;78;80;F8;0;0;0
52.5;78;0;0;0;80;78;80;78;78;0;80;0;78;0;78;80;78;F8;0;0;0
52.6;78;0;0;0;80;78;80;78;78;0;80;0;80;0;78;F8;78;F8;0;0;0
52.7;78;0;0;0;80;78;80;78;78;0;80;0;F8;0;78;0;80;F8;0;0;0
52.8;78;0;0;0;80;78;80;78;78;0;80;0;78;0;78;80;80;F8;0;0;0
52.9;78;0;0;0;80;78;80;78;78;0;80;0;78;0;78;80;80;F8;0;0;0
53;78;0;0;0;80;78;80;78;78;0;F8;0;0;78;80;0;F8;0;0;0;0
53.1;78;0;0;0;80;78;80;78;78;0;F8;0;78;78;F8;0;F8;0;0;0;0
53.2;78;0;0;0;80;78;80;78;78;0;F8;0;80;0;78;0;80;F8;0;0;0
53.3;78;0;0;0;80;78;80;78;78;0;F8;0;F8;0;78;78;80;F8;0;0;0
53.4;78;0;0;0;80;78;80;78;78;0;F8;0;0;0;78;80;78;F8;0;0;0
53.5;78;0;0;0;80;78;80;78;78;0;F8;0;78;0;78;F8;78;F8;0;0;0
53.6;78;0;0;0;80;78;80;78;78;0;F8;0;80;0;78;0;80;F8;0;0;0
53.7;78;0;0;0;80;78;80;78;78;0;F8;0;F8;0;78;78;80;F8;0;0;0
53.8;78;0;0;0;80;78;80;78;78;0;F8;0;0;0;78;80;80;F8;0;0;0
53.9;78;0;0;0;80;78;80;78;78;0;F8;0;78;0;78;F8;80;F8;0;0;0
54;78;0;0;0;80;78;80;78;78;0;0;0;0;78;F8;0;F8;0;0;0;0
54.1;78;0;0;0;80;78;80;78;78;0;0;0;78;78;0;80;F8;0;0;0;0
54.2;78;0;0;0;80;78;80;78;78;0;0;0;80;0;78;78;80;F8;0;0;0
54.3;78;0;0;0;80;78;80;78;78;0;0;0;F8;0;78;80;78;F8;0;0;0
54.4;78;0;0;0;80;78;80;78;78;0;0;0;0;0;78;F8;78;F8;0;0;0
54.5;78;0;0;0;80;78;80;78;78;0;0;0;78;0;78;0;80;F8;0;0;0
54.6;78;0;0;0;80;78;80;78;78;0;0;0;80;0;78;78;80;F8;0;0;0
54.7;78;0;0;0;80;78;80;78;78;0;0;0;F8;0;78;80;80;F8;0;0;0
54.8;78;0;0;0;80;78;80;78;78;0;0;0;0;0;78;F8;80;F8;0;0;0
54.9;78;0;0;0;80;78;80;78;78;0;0;0;78;0;78;0;78;0;0;0;0
55;78;0;0;0;80;78;80;78;78;0;78;0;0;78;0;80;F8;0;0;0;0
55.1;78;0;0;0;80;78;80;78;78;0;78;0;78;78;78;80;F8;0;0;0;0
55.2;78;0;0;0;80;78;80;78;78;0;78;0;F8;0;78;F8;78;F8;0;0;0
55.3;78;0;0;0;80;78;80;78;78;0;78;0;0;0;78;0;80;F8;0;0;0
55.4;78;0;0;0;80;78;80;78;78;0;78;0;F8;0;78;F8;78;F8;0;0;0
55.5;78;0;0;0;80;78;80;78;78;0;78;0;78;0;78;78;80;F8;0;0;0
55.6;78;0;0;0;80;78;80;78;78;0;78;0;80;0;78;80;80;F8;0;0;0
55.7;78;0;0;0;80;78;80;78;78;0;78;0;F8;0;78;F8;80;F8;0;0;0
55.8;78;0;0;0;80;78;80;78;78;0;78;0;0;0;78;0;78;0;0;0;0
55.9;78;0;0;0;80;78;80;78;78;0;78;0;78;0;78;78;78;0;0;0;0
56;78;0;0;0;80;78;80;78;78;0;80;0;0;78;78;80;F8;0;0;0;0
56.1;78;0;0;0;80;78;80;78;78;0;80;0;78;78;80;78;F8;0;0;0;0
56.2;78;0;0;0;80;78;80;78;78;0;80;0;80;0;78;F8;78;F8;0;0;0
56.3;78;0;0;0;80;78;80;78;78;0;80;0;F8;0;78;0;80;F8;0;0;0
56.4;78;0;0;0;80;78;80;78;78;0;80;0;0;0;78;78;80;F8;0;0;0
56.5;78;0;0;0;80;78;80;78;78;0;80;0;78;0;78;80;80;F8;0;0;0
56.6;78;0;0;0;80;78;80;78;78;0;80;0;80;0;78;F8;80;F8;0;0;0
56.7;78;0;0;0;80;78;80;78;78;0;80;0;F8;0;78;0;78;0;0;0;0
56.8;78;0;0;0;80;78;80;78;78;0;80;0;0;0;78;78;78;0;0;0;0
56.9;78;0;0;0;80;78;80;78;78;0;80;0;78;0;78;80;80;78;0;0;0
57;78;0;0;0;80;78;80;78;78;0;F8;0;0;78;80;78;F8;0;0;0;0
57.1;78;0;0;0;80;78;80;78;78;0;F8;0;78;78;F8;78;F8;0;0;0;0
57.2;78;0;0;0;80;78;80;78;78;0;F8;0;80;0;78;0;80;F8;0;0;0
57.3;78;0;0;0;80;78;80;78;78;0;F8;0;80;0;78;0;80;F8;0;0;0
57.4;78;0;0;0;80;78;80;78;78;0;F8;0;0;0;78;80;80;F8;0;0;0
57.5;78;0;0;0;80;78;80;78;78;0;F8;0;78;0;78;F8;80;F8;0;0;0
57.6;78;0;0;0;80;78;80;78;78;0;F8;0;80;0;78;0;78;0;0;0;0
57.7;78;0;0;0;80;78;80;78;78;0;F8;0;F8;0;78;78;78;0;0;0;0
57.8;78;0;0;0;80;78;80;78;78;0;;;;;;;;;0;0;0
57.9;78;0;0;0;80;78;80;78;78;0;;;;;;;;;0;0;0
58;78;0;0;0;80;78;80;78;78;0;;;;;;;;;0;0;0
58.1;78;0;0;0;80;78;80;78;78;0;;;;;;;;;0;0;0
58.2;78;0;0;0;80;78;80;78;78;0;;;;;;;;;0;0;0
58.3;78;0;0;0;80;78;80;78;78;0;;;;;;;;;0;0;0
58.4;78;0;0;0;80;78;80;78;78;0;;;;;;;;;0;0;0
58.5;78;0;0;0;80;78;80;78;78;0;;;;;;;;;0;0;0
58.6;78;0;0;0;80;78;80;78;78;0;;;;;;;;;0;0;0
58.7;78;0;0;0;80;78;80;78;78;0;;;;;;;;;0;0;0
58.8;78;0;0;0;80;78;80;78;78;0;;;;;;;;;0;0;0
58.9;78;0;0;0;80;78;80;78;78;0;;;;;;;;;0;0;0
59;78;0;0;0;80;78;80;78;78;0;;;;;;;;;0;0;0
59.1;78;0;0;0;80;78;80;78;78;0;;;;;;;;;0;0;0
59.2;78;0;0;0;80;78;80;78;78;0;;;;;;;;;0;0;0
59.3;78;0;0;0;80;78;80;78;78;0;;;;;;;;;0;0;0
59.4;78;0;0;0;80;78;80;78;78;0;;;;;;;;;0;0;0
59.5;78;0;0;0;80;78;80;78;78;0;;;;;;;;;0;0;0
59.6;78;0;0;0;80;78;80;78;78;0;;;;;;;;;0;0;0
59.7;78;0;0;0;80;78;80;78;78;0;;;;;;;;;0;0;0
59.8;78;0;0;0;80;78;80;78;78;0;;;;;;;;;0;0;0
59.9;78;0;0;0;80;78;80;78;78;0;;;;;;;;;0;0;0
60;78;0;0;0;80;78;80;78;80;0;;;;;;;;;0;0;0
60.1;78;0;0;0;80;78;80;78;80;0;;;;;;;;;0;0;0
60.2;78;0;0;0;80;78;80;78;80;0;;;;;;;;;0;0;0
60.3;78;0;0;0;80;78;80;78;80;0;;;;;;;;;0;0;0
60.4;78;0;0;0;80;78;80;78;80;0;;;;;;;;;0;0;0
60.5;78;0;0;0;80;78;80;78;80;0;;;;;;;;;0;0;0
60.6;78;0;0;0;80;78;80;78;80;0;;;;;;;;;0;0;0
60.7;78;0;0;0;80;78;80;78;80;0;;;;;;;;;0;0;0
60.8;78;0;0;0;80;78;80;78;80;0;;;;;;;;;0;0;0
60.9;78;0;0;0;80;78;80;78;80;0;;;;;;;;;0;0;0
61;78;0;0;0;80;78;80;78;80;0;;;;;;;;;0;0;0
61.1;78;0;0;0;80;78;80;78;80;0;;;;;;;;;0;0;0
61.2;78;0;0;0;80;78;80;78;80;0;;;;;;;;;0;0;0
61.3;78;0;0;0;80;78;80;78;80;0;;;;;;;;;0;0;0
61.4;78;0;0;0;80;78;80;78;80;0;;;;;;;;;0;0;0
61.5;78;0;0;0;80;78;80;78;80;0;;;;;;;;;0;0;0
61.6;78;0;0;0;80;78;80;78;80;0;;;;;;;;;0;0;0
61.7;78;0;0;0;80;78;80;78;80;0;;;;;;;;;0;0;0
61.8;78;0;0;0;80;78;80;78;80;0;;;;;;;;;0;0;0
61.9;78;0;0;0;80;78;80;78;80;0;;;;;;;;;0;0;0
62;78;0;0;0;80;78;80;78;80;0;;;;;;;;;0;0;0
62.1;78;0;0;0;80;78;80;78;80;0;;;;;;;;;0;0;0
62.2;78;0;0;0;80;78;80;78;80;0;;;;;;;;;0;0;0
62.3;78;0;0;0;80;78;80;78;80;0;;;;;;;;;0;0;0
62.4;78;0;0;0;80;78;80;78;80;0;;;;;;;;;0;0;0
62.5;78;0;0;0;80;78;80;78;80;0;;;;;;;;;0;0;0
62.6;78;0;0;0;80;78;80;78;80;0;;;;;;;;;0;0;0
62.7;78;0;0;0;80;78;80;78;80;0;;;;;;;;;0;0;0
62.8;78;0;0;0;80;78;80;78;80;0;;;;;;;;;0;0;0
62.9;78;0;0;0;80;78;80;78;80;0;;;;;;;;;0;0;0
63;78;0;0;0;80;78;80;78;80;0;;;;;;;;;0;0;0
63.1;78;0;0;0;80;78;80;78;80;0;;;;;;;;;0;0;0
63.2;78;0;0;0;80;78;80;78;80;0;;;;;;;;;0;0;0
63.3;78;0;0;0;80;78;80;78;80;0;;;;;;;;;0;0;0
63.4;78;0;0;0;80;78;80;78;80;0;;;;;;;;;0;0;0
63.5;78;0;0;0;80;78;80;78;80;0;;;;;;;;;0;0;0
63.6;78;0;0;0;80;78;80;78;80;0;F8;0;80;0;78;78;80;F8;0;0;0
63.7;78;0;0;0;80;78;80;78;80;0;;;;;;;;;0;0;0
63.8;78;0;0;0;80;78;80;78;80;0;;;;;;;;;0;0;0
63.9;78;0;0;0;80;78;80;78;80;0;F8;0;78;0;78;0;78;0;0;0;0
64;78;0;0;0;80;78;80;78;80;0;;;;;;;;;0;0;0
64.1;78;0;0;0;80;78;80;78;80;0;;;;;;;;;0;0;0
64.2;78;0;0;0;80;78;80;78;80;0;;;;;;;;;0;0;0
64.3;78;0;0;0;80;78;80;78;80;0;;;;;;;;;0;0;0
64.4;78;0;0;0;80;78;80;78;80;0;;;;;;;;;0;0;0
64.5;78;0;0;0;80;78;80;78;80;0;;;;;;;;;0;0;0
64.6;78;0;0;0;80;78;80;78;80;0;;;;;;;;;0;0;0
64.7;78;0;0;0;80;78;80;78;80;0;;;;;;;;;0;0;0
64.8;78;0;0;0;80;78;80;78;80;0;;;;;;;;;0;0;0
64.9;78;0;0;0;80;78;80;78;80;0;;;;;;;;;0;0;0
65;78;0;0;0;80;78;80;78;80;0;;;;;;;;;0;0;0
65.1;78;0;0;0;80;78;80;78;80;0;;;;;;;;;0;0;0
65.2;78;0;0;0;80;78;80;78;80;0;;;;;;;;;0;0;0
65.3;78;0;0;0;80;78;80;78;80;0;;;;;;;;;0;0;0
65.4;78;0;0;0;80;78;80;78;80;0;;;;;;;;;0;0;0
65.5;78;0;0;0;80;78;80;78;80;0;;;;;;;;;0;0;0
65.6;78;0;0;0;80;78;80;78;80;0;;;;;;;;;0;0;0
65.7;78;0;0;0;80;78;80;78;80;0;;;;;;;;;0;0;0
65.8;78;0;0;0;80;78;80;78;80;0;;;;;;;;;0;0;0
65.9;78;0;0;0;80;78;80;78;80;0;;;;;;;;;0;0;0
66;78;0;0;0;80;78;80;78;80;0;;;;;;;;;0;0;0
66.1;78;0;0;0;80;78;80;78;80;0;;;;;;;;;0;0;0
66.2;78;0;0;0;80;78;80;78;80;0;;;;;;;;;0;0;0
66.3;78;0;0;0;80;78;80;78;80;0;;;;;;;;;0;0;0
66.4;78;0;0;0;80;78;80;78;80;0;;;;;;;;;0;0;0
66.5;78;0;0;0;80;78;80;78;80;0;;;;;;;;;0;0;0
66.6;78;0;0;0;80;78;80;78;80;0;;;;;;;;;0;0;0
66.7;78;0;0;0;80;78;80;78;80;0;;;;;;;;;0;0;0
66.8;78;0;0;0;80;78;80;78;80;0;;;;;;;;;0;0;0
66.9;78;0;0;0;80;78;80;78;80;0;;;;;;;;;0;0;0
67;78;0;0;0;80;78;80;78;80;0;;;;;;;;;0;0;0
67.1;78;0;0;0;80;78;80;78;80;0;;;;;;;;;0;0;0
67.2;78;0;0;0;80;78;80;78;80;0;;;;;;;;;0;0;0
67.3;78;0;0;0;80;78;80;78;80;0;;;;;;;;;0;0;0
67.4;78;0;0;0;80;78;80;78;80;0;;;;;;;;;0;0;0
67.5;78;0;0;0;80;78;80;78;80;0;;;;;;;;;0;0;0
67.6;78;0;0;0;80;78;80;78;80;0;;;;;;;;;0;0;0
67.7;78;0;0;0;80;78;80;78;80;0;;;;;;;;;0;0;0
67.8;78;0;0;0;80;78;80;78;80;0;;;;;;;;;0;0;0
67.9;78;0;0;0;80;78;80;78;80;0;;;;;;;;;0;0;0
68;78;0;0;0;80;78;80;78;80;0;;;;;;;;;0;0;0
68.1;78;0;0;0;80;78;80;78;80;0;;;;;;;;;0;0;0
68.2;78;0;0;0;80;78;80;78;80;0;;;;;;;;;0;0;0
68.3;78;0;0;0;80;78;80;78;80;0;;;;;;;;;0;0;0
68.4;78;0;0;0;80;78;80;78;80;0;;;;;;;;;0;0;0
68.5;78;0;0;0;80;78;80;78;80;0;;;;;;;;;0;0;0
68.6;78;0;0;0;80;78;80;78;80;0;;;;;;;;;0;0;0
68.7;78;0;0;0;80;78;80;78;80;0;;;;;;;;;0;0;0
68.8;78;0;0;0;80;78;80;78;80;0;;;;;;;;;0;0;0
68.9;78;0;0;0;80;78;80;78;80;0;;;;;;;;;0;0;0
69;78;0;0;0;80;78;80;78;80;0;;;;;;;;;0;0;0
69.1;78;0;0;0;80;78;80;78;80;0;;;;;;;;;0;0;0
69.2;78;0;0;0;80;78;80;78;80;0;;;;;;;;;0;0;0
69.3;78;0;0;0;80;78;80;78;80;0;;;;;;;;;0;0;0
69.4;78;0;0;0;80;78;80;78;80;0;;;;;;;;;0;0;0
69.5;78;0;0;0;80;78;80;78;80;0;;;;;;;;;0;0;0
69.6;78;0;0;0;80;78;80;78;80;0;;;;;;;;;0;0;0
69.7;78;0;0;0;80;78;80;78;80;0;;;;;;;;;0;0;0
69.8;78;0;0;0;80;78;80;78;80;0;;;;;;;;;0;0;0
69.9;78;0;0;0;80;78;80;78;80;0;;;;;;;;;0;0;0
70;78;0;0;0;80;78;80;78;F8;0;;;;;;;;;0;0;0
70.1;78;0;0;0;80;78;80;78;F8;0;;;;;;;;;0;0;0
70.2;78;0;0;0;80;78;80;78;F8;0;;;;;;;;;0;0;0
70.3;78;0;0;0;80;78;80;78;F8;0;;;;;;;;;0;0;0
70.4;78;0;0;0;80;78;80;78;F8;0;;;;;;;;;0;0;0
70.5;78;0;0;0;80;78;80;78;F8;0;;;;;;;;;0;0;0
70.6;78;0;0;0;80;78;80;78;F8;0;;;;;;;;;0;0;0
70.7;78;0;0;0;80;78;80;78;F8;0;;;;;;;;;0;0;0
70.8;78;0;0;0;80;78;80;78;F8;0;;;;;;;;;0;0;0
70.9;78;0;0;0;80;78;80;78;F8;0;;;;;;;;;0;0;0
71;78;0;0;0;80;78;80;78;F8;0;;;;;;;;;0;0;0
71.1;78;0;0;0;80;78;80;78;F8;0;;;;;;;;;0;0;0
71.2;78;0;0;0;80;78;80;78;F8;0;;;;;;;;;0;0;0
71.3;78;0;0;0;80;78;80;78;F8;0;;;;;;;;;0;0;0
71.4;78;0;0;0;80;78;80;78;F8;0;;;;;;;;;0;0;0
71.5;78;0;0;0;80;78;80;78;F8;0;;;;;;;;;0;0;0
71.6;78;0;0;0;80;78;80;78;F8;0;;;;;;;;;0;0;0
71.7;78;0;0;0;80;78;80;78;F8;0;;;;;;;;;0;0;0
71.8;78;0;0;0;80;78;80;78;F8;0;;;;;;;;;0;0;0
71.9;78;0;0;0;80;78;80;78;F8;0;;;;;;;;;0;0;0
72;78;0;0;0;80;78;80;78;F8;0;;;;;;;;;0;0;0
72.1;78;0;0;0;80;78;80;78;F8;0;;;;;;;;;0;0;0
72.2;78;0;0;0;80;78;80;78;F8;0;;;;;;;;;0;0;0
72.3;78;0;0;0;80;78;80;78;F8;0;;;;;;;;;0;0;0
72.4;78;0;0;0;80;78;80;78;F8;0;;;;;;;;;0;0;0
72.5;78;0;0;0;80;78;80;78;F8;0;;;;;;;;;0;0;0
72.6;78;0;0;0;80;78;80;78;F8;0;;;;;;;;;0;0;0
72.7;78;0;0;0;80;78;80;78;F8;0;;;;;;;;;0;0;0
72.8;78;0;0;0;80;78;80;78;F8;0;;;;;;;;;0;0;0
72.9;78;0;0;0;80;78;80;78;F8;0;;;;;;;;;0;0;0
73;78;0;0;0;80;78;80;78;F8;0;;;;;;;;;0;0;0
73.1;78;0;0;0;80;78;80;78;F8;0;;;;;;;;;0;0;0
73.2;78;0;0;0;80;78;80;78;F8;0;;;;;;;;;0;0;0
73.3;78;0;0;0;80;78;80;78;F8;0;;;;;;;;;0;0;0
73.4;78;0;0;0;80;78;80;78;F8;0;;;;;;;;;0;0;0
73.5;78;0;0;0;80;78;80;78;F8;0;;;;;;;;;0;0;0
73.6;78;0;0;0;80;78;80;78;F8;0;;;;;;;;;0;0;0
73.7;78;0;0;0;80;78;80;78;F8;0;;;;;;;;;0;0;0
73.8;78;0;0;0;80;78;80;78;F8;0;;;;;;;;;0;0;0
73.9;78;0;0;0;80;78;80;78;F8;0;;;;;;;;;0;0;0
74;78;0;0;0;80;78;80;78;F8;0;;;;;;;;;0;0;0
74.1;78;0;0;0;80;78;80;78;F8;0;;;;;;;;;0;0;0
74.2;78;0;0;0;80;78;80;78;F8;0;;;;;;;;;0;0;0
74.3;78;0;0;0;80;78;80;78;F8;0;;;;;;;;;0;0;0
74.4;78;0;0;0;80;78;80;78;F8;0;;;;;;;;;0;0;0
74.5;78;0;0;0;80;78;80;78;F8;0;;;;;;;;;0;0;0
74.6;78;0;0;0;80;78;80;78;F8;0;;;;;;;;;0;0;0
74.7;78;0;0;0;80;78;80;78;F8;0;;;;;;;;;0;0;0
74.8;78;0;0;0;80;78;80;78;F8;0;;;;;;;;;0;0;0
74.9;78;0;0;0;80;78;80;78;F8;0;;;;;;;;;0;0;0
75;78;0;0;0;80;78;80;78;F8;0;;;;;;;;;0;0;0
75.1;78;0;0;0;80;78;80;78;F8;0;;;;;;;;;0;0;0
75.2;78;0;0;0;80;78;80;78;F8;0;;;;;;;;;0;0;0
75.3;78;0;0;0;80;78;80;78;F8;0;;;;;;;;;0;0;0
75.4;78;0;0;0;80;78;80;78;F8;0;;;;;;;;;0;0;0
75.5;78;0;0;0;80;78;80;78;F8;0;;;;;;;;;0;0;0
75.6;78;0;0;0;80;78;80;78;F8;0;;;;;;;;;0;0;0
75.7;78;0;0;0;80;78;80;78;F8;0;;;;;;;;;0;0;0
75.8;78;0;0;0;80;78;80;78;F8;0;;;;;;;;;0;0;0
75.9;78;0;0;0;80;78;80;78;F8;0;;;;;;;;;0;0;0
76;78;0;0;0;80;78;80;78;F8;0;;;;;;;;;0;0;0
76.1;78;0;0;0;80;78;80;78;F8;0;;;;;;;;;0;0;0
76.2;78;0;0;0;80;78;80;78;F8;0;;;;;;;;;0;0;0
76.3;78;0;0;0;80;78;80;78;F8;0;;;;;;;;;0;0;0
76.4;78;0;0;0;80;78;80;78;F8;0;;;;;;;;;0;0;0
76.5;78;0;0;0;80;78;80;78;F8;0;;;;;;;;;0;0;0
76.6;78;0;0;0;80;78;80;78;F8;0;;;;;;;;;0;0;0
76.7;78;0;0;0;80;78;80;78;F8;0;;;;;;;;;0;0;0
76.8;78;0;0;0;80;78;80;78;F8;0;;;;;;;;;0;0;0
76.9;78;0;0;0;80;78;80;78;F8;0;;;;;;;;;0;0;0
77;78;0;0;0;80;78;80;78;F8;0;;;;;;;;;0;0;0
77.1;78;0;0;0;80;78;80;78;F8;0;;;;;;;;;0;0;0
77.2;78;0;0;0;80;78;80;78;F8;0;;;;;;;;;0;0;0
77.3;78;0;0;0;80;78;80;78;F8;0;;;;;;;;;0;0;0
77.4;78;0;0;0;80;78;80;78;F8;0;;;;;;;;;0;0;0
77.5;78;0;0;0;80;78;80;78;F8;0;;;;;;;;;0;0;0
77.6;78;0;0;0;80;78;80;78;F8;0;;;;;;;;;0;0;0
77.7;78;0;0;0;80;78;80;78;F8;0;;;;;;;;;0;0;0
77.8;78;0;0;0;80;78;80;78;F8;0;;;;;;;;;0;0;0
77.9;78;0;0;0;80;78;80;78;F8;0;;;;;;;;;0;0;0
78;78;0;0;0;80;78;80;78;F8;0;;;;;;;;;0;0;0
78.1;78;0;0;0;80;78;80;78;F8;0;;;;;;;;;0;0;0
78.2;78;0;0;0;80;78;80;78;F8;0;;;;;;;;;0;0;0
78.3;78;0;0;0;80;78;80;78;F8;0;;;;;;;;;0;0;0
78.4;78;0;0;0;80;78;80;78;F8;0;;;;;;;;;0;0;0
78.5;78;0;0;0;80;78;80;78;F8;0;;;;;;;;;0;0;0
78.6;78;0;0;0;80;78;80;78;F8;0;;;;;;;;;0;0;0
78.7;78;0;0;0;80;78;80;78;F8;0;;;;;;;;;0;0;0
78.8;78;0;0;0;80;78;80;78;F8;0;;;;;;;;;0;0;0
78.9;78;0;0;0;80;78;80;78;F8;0;;;;;;;;;0;0;0
79;78;0;0;0;80;78;80;78;F8;0;;;;;;;;;0;0;0
79.1;78;0;0;0;80;78;80;78;F8;0;;;;;;;;;0;0;0
79.2;78;0;0;0;80;78;80;78;F8;0;;;;;;;;;0;0;0
79.3;78;0;0;0;80;78;80;78;F8;0;;;;;;;;;0;0;0
79.4;78;0;0;0;80;78;80;78;F8;0;;;;;;;;;0;0;0
79.5;78;0;0;0;80;78;80;78;F8;0;;;;;;;;;0;0;0
79.6;78;0;0;0;80;78;80;78;F8;0;;;;;;;;;0;0;0
79.7;78;0;0;0;80;78;80;78;F8;0;;;;;;;;;0;0;0
79.8;78;0;0;0;80;78;80;78;F8;0;;;;;;;;;0;0;0
79.9;78;0;0;0;80;78;80;78;F8;0;;;;;;;;;0;0;0
80;78;0;0;0;80;78;80;78;0;0;;;;;;;;;0;0;0
80.1;78;0;0;0;80;78;80;78;0;0;;;;;;;;;0;0;0
80.2;78;0;0;0;80;78;80;78;0;0;;;;;;;;;0;0;0
80.3;78;0;0;0;80;78;80;78;0;0;;;;;;;;;0;0;0
80.4;78;0;0;0;80;78;80;78;0;0;;;;;;;;;0;0;0
80.5;78;0;0;0;80;78;80;78;0;0;;;;;;;;;0;0;0
80.6;78;0;0;0;80;78;80;78;0;0;;;;;;;;;0;0;0
80.7;78;0;0;0;80;78;80;78;0;0;;;;;;;;;0;0;0
80.8;78;0;0;0;80;78;80;78;0;0;;;;;;;;;0;0;0
80.9;78;0;0;0;80;78;80;78;0;0;;;;;;;;;0;0;0
81;78;0;0;0;80;78;80;78;0;0;;;;;;;;;0;0;0
81.1;78;0;0;0;80;78;80;78;0;0;;;;;;;;;0;0;0
81.2;78;0;0;0;80;78;80;78;0;0;;;;;;;;;0;0;0
81.3;78;0;0;0;80;78;80;78;0;0;;;;;;;;;0;0;0
81.4;78;0;0;0;80;78;80;78;0;0;;;;;;;;;0;0;0
81.5;78;0;0;0;80;78;80;78;0;0;;;;;;;;;0;0;0
81.6;78;0;0;0;80;78;80;78;0;0;;;;;;;;;0;0;0
81.7;78;0;0;0;80;78;80;78;0;0;;;;;;;;;0;0;0
81.8;78;0;0;0;80;78;80;78;0;0;;;;;;;;;0;0;0
81.9;78;0;0;0;80;78;80;78;0;0;;;;;;;;;0;0;0
82;78;0;0;0;80;78;80;78;0;0;;;;;;;;;0;0;0
82.1;78;0;0;0;80;78;80;78;0;0;;;;;;;;;0;0;0
82.2;78;0;0;0;80;78;80;78;0;0;;;;;;;;;0;0;0
82.3;78;0;0;0;80;78;80;78;0;0;;;;;;;;;0;0;0
82.4;78;0;0;0;80;78;80;78;0;0;;;;;;;;;0;0;0
82.5;78;0;0;0;80;78;80;78;0;0;;;;;;;;;0;0;0
82.6;78;0;0;0;80;78;80;78;0;0;;;;;;;;;0;0;0
82.7;78;0;0;0;80;78;80;78;0;0;;;;;;;;;0;0;0
82.8;78;0;0;0;80;78;80;78;0;0;;;;;;;;;0;0;0
82.9;78;0;0;0;80;78;80;78;0;0;;;;;;;;;0;0;0
83;78;0;0;0;80;78;80;78;0;0;;;;;;;;;0;0;0
83.1;78;0;0;0;80;78;80;78;0;0;;;;;;;;;0;0;0
83.2;78;0;0;0;80;78;80;78;0;0;;;;;;;;;0;0;0
83.3;78;0;0;0;80;78;80;78;0;0;;;;;;;;;0;0;0
83.4;78;0;0;0;80;78;80;78;0;0;;;;;;;;;0;0;0
83.5;78;0;0;0;80;78;80;78;0;0;;;;;;;;;0;0;0
83.6;78;0;0;0;80;78;80;78;0;0;;;;;;;;;0;0;0
83.7;78;0;0;0;80;78;80;78;0;0;;;;;;;;;0;0;0
83.8;78;0;0;0;80;78;80;78;0;0;;;;;;;;;0;0;0
83.9;78;0;0;0;80;78;80;78;0;0;;;;;;;;;0;0;0
84;78;0;0;0;80;78;80;78;0;0;;;;;;;;;0;0;0
84.1;78;0;0;0;80;78;80;78;0;0;;;;;;;;;0;0;0
84.2;78;0;0;0;80;78;80;78;0;0;;;;;;;;;0;0;0
84.3;78;0;0;0;80;78;80;78;0;0;;;;;;;;;0;0;0
84.4;78;0;0;0;80;78;80;78;0;0;;;;;;;;;0;0;0
84.5;78;0;0;0;80;78;80;78;0;0;;;;;;;;;0;0;0
84.6;78;0;0;0;80;78;80;78;0;0;;;;;;;;;0;0;0
84.7;78;0;0;0;80;78;80;78;0;0;;;;;;;;;0;0;0
84.8;78;0;0;0;80;78;80;78;0;0;;;;;;;;;0;0;0
84.9;78;0;0;0;80;78;80;78;0;0;;;;;;;;;0;0;0
85;78;0;0;0;80;78;80;78;0;0;;;;;;;;;0;0;0
85.1;78;0;0;0;80;78;80;78;0;0;;;;;;;;;0;0;0
85.2;78;0;0;0;80;78;80;78;0;0;;;;;;;;;0;0;0
85.3;78;0;0;0;80;78;80;78;0;0;;;;;;;;;0;0;0
85.4;78;0;0;0;80;78;80;78;0;0;;;;;;;;;0;0;0
85.5;78;0;0;0;80;78;80;78;0;0;;;;;;;;;0;0;0
85.6;78;0;0;0;80;78;80;78;0;0;;;;;;;;;0;0;0
85.7;78;0;0;0;80;78;80;78;0;0;;;;;;;;;0;0;0
85.8;78;0;0;0;80;78;80;78;0;0;;;;;;;;;0;0;0
85.9;78;0;0;0;80;78;80;78;0;0;;;;;;;;;0;0;0
86;78;0;0;0;80;78;80;78;0;0;;;;;;;;;0;0;0
86.1;78;0;0;0;80;78;80;78;0;0;;;;;;;;;0;0;0
86.2;78;0;0;0;80;78;80;78;0;0;;;;;;;;;0;0;0
86.3;78;0;0;0;80;78;80;78;0;0;;;;;;;;;0;0;0
86.4;78;0;0;0;80;78;80;78;0;0;;;;;;;;;0;0;0
86.5;78;0;0;0;80;78;80;78;0;0;;;;;;;;;0;0;0
86.6;78;0;0;0;80;78;80;78;0;0;;;;;;;;;0;0;0
86.7;78;0;0;0;80;78;80;78;0;0;;;;;;;;;0;0;0
86.8;78;0;0;0;80;78;80;78;0;0;;;;;;;;;0;0;0
86.9;78;0;0;0;80;78;80;78;0;0;;;;;;;;;0;0;0
87;78;0;0;0;80;78;80;78;0;0;;;;;;;;;0;0;0
87.1;78;0;0;0;80;78;80;78;0;0;;;;;;;;;0;0;0
87.2;78;0;0;0;80;78;80;78;0;0;;;;;;;;;0;0;0
87.3;78;0;0;0;80;78;80;78;0;0;;;;;;;;;0;0;0
87.4;78;0;0;0;80;78;80;78;0;0;;;;;;;;;0;0;0
87.5;78;0;0;0;80;78;80;78;0;0;;;;;;;;;0;0;0
87.6;78;0;0;0;80;78;80;78;0;0;;;;;;;;;0;0;0
87.7;78;0;0;0;80;78;80;78;0;0;;;;;;;;;0;0;0
87.8;78;0;0;0;80;78;80;78;0;0;;;;;;;;;0;0;0
87.9;78;0;0;0;80;78;80;78;0;0;;;;;;;;;0;0;0
88;78;0;0;0;80;78;80;78;0;0;;;;;;;;;0;0;0
88.1;78;0;0;0;80;78;80;78;0;0;;;;;;;;;0;0;0
88.2;78;0;0;0;80;78;80;78;0;0;;;;;;;;;0;0;0
88.3;78;0;0;0;80;78;80;78;0;0;;;;;;;;;0;0;0
88.4;78;0;0;0;80;78;80;78;0;0;;;;;;;;;0;0;0
88.5;78;0;0;0;80;78;80;78;0;0;;;;;;;;;0;0;0
88.6;78;0;0;0;80;78;80;78;0;0;;;;;;;;;0;0;0
88.7;78;0;0;0;80;78;80;78;0;0;;;;;;;;;0;0;0
88.8;78;0;0;0;80;78;80;78;0;0;;;;;;;;;0;0;0
88.9;78;0;0;0;80;78;80;78;0;0;;;;;;;;;0;0;0
89;78;0;0;0;80;78;80;78;0;0;;;;;;;;;0;0;0
89.1;78;0;0;0;80;78;80;78;0;0;;;;;;;;;0;0;0
89.2;78;0;0;0;80;78;80;78;0;0;;;;;;;;;0;0;0
89.3;78;0;0;0;80;78;80;78;0;0;;;;;;;;;0;0;0
89.4;78;0;0;0;80;78;80;78;0;0;;;;;;;;;0;0;0
89.5;78;0;0;0;80;78;80;78;0;0;;;;;;;;;0;0;0
89.6;78;0;0;0;80;78;80;78;0;0;;;;;;;;;0;0;0
89.7;78;0;0;0;80;78;80;78;0;0;;;;;;;;;0;0;0
89.8;78;0;0;0;80;78;80;78;0;0;;;;;;;;;0;0;0
89.9;78;0;0;0;80;78;80;78;0;0;;;;;;;;;0;0;0
90;78;0;0;0;80;78;80;78;78;0;0;0;78;F8;0;F8;0;0;0;0;0
90.1;78;0;0;0;80;78;80;78;78;0;;;;;;;;;0;0;0
90.2;78;0;0;0;80;78;80;78;78;0;;;;;;;;;0;0;0
90.3;78;0;0;0;80;78;80;78;78;0;;;;;;;;;0;0;0
90.4;78;0;0;0;80;78;80;78;78;0;;;;;;;;;0;0;0
90.5;78;0;0;0;80;78;80;78;78;0;;;;;;;;;0;0;0
90.6;78;0;0;0;80;78;80;78;78;0;;;;;;;;;0;0;0
90.7;78;0;0;0;80;78;80;78;78;0;;;;;;;;;0;0;0
90.8;78;0;0;0;80;78;80;78;78;0;;;;;;;;;0;0;0
90.9;78;0;0;0;80;78;80;78;78;0;;;;;;;;;0;0;0
91;78;0;0;0;80;78;80;78;78;0;;;;;;;;;0;0;0
91.1;78;0;0;0;80;78;80;78;78;0;;;;;;;;;0;0;0
91.2;78;0;0;0;80;78;80;78;78;0;;;;;;;;;0;0;0
91.3;78;0;0;0;80;78;80;78;78;0;;;;;;;;;0;0;0
91.4;78;0;0;0;80;78;80;78;78;0;;;;;;;;;0;0;0
91.5;78;0;0;0;80;78;80;78;78;0;;;;;;;;;0;0;0
91.6;78;0;0;0;80;78;80;78;78;0;;;;;;;;;0;0;0
91.7;78;0;0;0;80;78;80;78;78;0;;;;;;;;;0;0;0
91.8;78;0;0;0;80;78;80;78;78;0;;;;;;;;;0;0;0
91.9;78;0;0;0;80;78;80;78;78;0;;;;;;;;;0;0;0
92;78;0;0;0;80;78;80;78;78;0;;;;;;;;;0;0;0
92.1;78;0;0;0;80;78;80;78;78;0;;;;;;;;;0;0;0
92.2;78;0;0;0;80;78;80;78;78;0;;;;;;;;;0;0;0
92.3;78;0;0;0;80;78;80;78;78;0;;;;;;;;;0;0;0
92.4;78;0;0;0;80;78;80;78;78;0;;;;;;;;;0;0;0
92.5;78;0;0;0;80;78;80;78;78;0;;;;;;;;;0;0;0
92.6;78;0;0;0;80;78;80;78;78;0;;;;;;;;;0;0;0
92.7;78;0;0;0;80;78;80;78;78;0;;;;;;;;;0;0;0
92.8;78;0;0;0;80;78;80;78;78;0;;;;;;;;;0;0;0
92.9;78;0;0;0;80;78;80;78;78;0;;;;;;;;;0;0;0
93;78;0;0;0;80;78;80;78;78;0;;;;;;;;;0;0;0
93.1;78;0;0;0;80;78;80;78;78;0;;;;;;;;;0;0;0
93.2;78;0;0;0;80;78;80;78;78;0;;;;;;;;;0;0;0
93.3;78;0;0;0;80;78;80;78;78;0;;;;;;;;;0;0;0
93.4;78;0;0;0;80;78;80;78;78;0;;;;;;;;;0;0;0
93.5;78;0;0;0;80;78;80;78;78;0;;;;;;;;;0;0;0
93.6;78;0;0;0;80;78;80;78;78;0;;;;;;;;;0;0;0
93.7;78;0;0;0;80;78;80;78;78;0;;;;;;;;;0;0;0
93.8;78;0;0;0;80;78;80;78;78;0;;;;;;;;;0;0;0
93.9;78;0;0;0;80;78;80;78;78;0;;;;;;;;;0;0;0
94;78;0;0;0;80;78;80;78;78;0;;;;;;;;;0;0;0
94.1;78;0;0;0;80;78;80;78;78;0;;;;;;;;;0;0;0
94.2;78;0;0;0;80;78;80;78;78;0;;;;;;;;;0;0;0
94.3;78;0;0;0;80;78;80;78;78;0;;;;;;;;;0;0;0
94.4;78;0;0;0;80;78;80;78;78;0;;;;;;;;;0;0;0
94.5;78;0;0;0;80;78;80;78;78;0;;;;;;;;;0;0;0
94.6;78;0;0;0;80;78;80;78;78;0;;;;;;;;;0;0;0
94.7;78;0;0;0;80;78;80;78;78;0;;;;;;;;;0;0;0
94.8;78;0;0;0;80;78;80;78;78;0;;;;;;;;;0;0;0
94.9;78;0;0;0;80;78;80;78;78;0;;;;;;;;;0;0;0
95;78;0;0;0;80;78;80;78;78;0;;;;;;;;;0;0;0
95.1;78;0;0;0;80;78;80;78;78;0;;;;;;;;;0;0;0
95.2;78;0;0;0;80;78;80;78;78;0;;;;;;;;;0;0;0
95.3;78;0;0;0;80;78;80;78;78;0;;;;;;;;;0;0;0
95.4;78;0;0;0;80;78;80;78;78;0;;;;;;;;;0;0;0
95.5;78;0;0;0;80;78;80;78;78;0;;;;;;;;;0;0;0
95.6;78;0;0;0;80;78;80;78;78;0;;;;;;;;;0;0;0
95.7;78;0;0;0;80;78;80;78;78;0;;;;;;;;;0;0;0
95.8;78;0;0;0;80;78;80;78;78;0;;;;;;;;;0;0;0
95.9;78;0;0;0;80;78;80;78;78;0;;;;;;;;;0;0;0
96;78;0;0;0;80;78;80;78;78;0;;;;;;;;;0;0;0
96.1;78;0;0;0;80;78;80;78;78;0;;;;;;;;;0;0;0
96.2;78;0;0;0;80;78;80;78;78;0;;;;;;;;;0;0;0
96.3;78;0;0;0;80;78;80;78;78;0;;;;;;;;;0;0;0
96.4;78;0;0;0;80;78;80;78;78;0;;;;;;;;;0;0;0
96.5;78;0;0;0;80;78;80;78;78;0;;;;;;;;;0;0;0
96.6;78;0;0;0;80;78;80;78;78;0;;;;;;;;;0;0;0
96.7;78;0;0;0;80;78;80;78;78;0;;;;;;;;;0;0;0
96.8;78;0;0;0;80;78;80;78;78;0;;;;;;;;;0;0;0
96.9;78;0;0;0;80;78;80;78;78;0;;;;;;;;;0;0;0
97;78;0;0;0;80;78;80;78;78;0;;;;;;;;;0;0;0
97.1;78;0;0;0;80;78;80;78;78;0;;;;;;;;;0;0;0
97.2;78;0;0;0;80;78;80;78;78;0;;;;;;;;;0;0;0
97.3;78;0;0;0;80;78;80;78;78;0;;;;;;;;;0;0;0
97.4;78;0;0;0;80;78;80;78;78;0;78;0;0;0;78;0;78;F8;0;0;0
97.5;78;0;0;0;80;78;80;78;78;0;;;;;;;;;0;0;0
97.6;78;0;0;0;80;78;80;78;78;0;;;;;;;;;0;0;0
97.7;78;0;0;0;80;78;80;78;78;0;;;;;;;;;0;0;0
97.8;78;0;0;0;80;78;80;78;78;0;;;;;;;;;0;0;0
97.9;78;0;0;0;80;78;80;78;78;0;;;;;;;;;0;0;0
98;78;0;0;0;80;78;80;78;78;0;;;;;;;;;0;0;0
98.1;78;0;0;0;80;78;80;78;78;0;;;;;;;;;0;0;0
98.2;78;0;0;0;80;78;80;78;78;0;;;;;;;;;0;0;0
98.3;78;0;0;0;80;78;80;78;78;0;;;;;;;;;0;0;0
98.4;78;0;0;0;80;78;80;78;78;0;;;;;;;;;0;0;0
98.5;78;0;0;0;80;78;80;78;78;0;;;;;;;;;0;0;0
98.6;78;0;0;0;80;78;80;78;78;0;;;;;;;;;0;0;0
98.7;78;0;0;0;80;78;80;78;78;0;;;;;;;;;0;0;0
98.8;78;0;0;0;80;78;80;78;78;0;;;;;;;;;0;0;0
98.9;78;0;0;0;80;78;80;78;78;0;;;;;;;;;0;0;0
99;78;0;0;0;80;78;80;78;78;0;;;;;;;;;0;0;0
99.1;78;0;0;0;80;78;80;78;78;0;;;;;;;;;0;0;0
99.2;78;0;0;0;80;78;80;78;78;0;;;;;;;;;0;0;0
99.3;78;0;0;0;80;78;80;78;78;0;;;;;;;;;0;0;0
99.4;78;0;0;0;80;78;80;78;78;0;78;0;0;0;78;0;78;F8;0;0;0
99.5;78;0;0;0;80;78;80;78;78;0;;;;;;;;;0;0;0
99.6;78;0;0;0;80;78;80;78;78;0;;;;;;;;;0;0;0
99.7;78;0;0;0;80;78;80;78;78;0;78;0;F8;0;78;F8;78;F8;0;0;0
99.8;78;0;0;0;80;78;80;78;78;0;78;0;0;0;78;0;78;0;0;0;0
99.9;78;0;0;0;80;78;80;78;78;0;78;0;78;0;78;78;78;0;0;0;0
100;78;0;0;0;80;78;80;78;78;0;0;0;80;80;0;0;0;0;0;0;0
101;78;0;0;0;80;78;80;78;78;0;0;0;F8;80;0;0;0;0;0;0;0
